﻿Total,Neighborhood,LA2,Voting_Location,long,lat
2144,Sunset,"Punjabi-Market, Vancouver Eastside",Sunset Community Centre,-123.10113,49.22281
1750,Victoria-Fraserview,Vancouver Eastside,David Thompson Secondary School,-123.07092,49.22085
1583,Renfrew-Collingwood,"Kensington-Cedar Cottage, Vancouver Eastside",John Norquay Elementary School,-123.05149,49.24163
1217,Victoria-Fraserview,Killarney,David Oppenheimer Elementary School,-123.05777,49.21353
751,Hastings-Sunrise,Vancouver,Thunderbird Elementary School,-123.0312376,49.26349
1170,Kitsilano,Vancouver Westside,Kitsilano Neighbourhood house,-123.15807,49.56593
1537,Burrard Slopes,Kitsilano,Seaforth Armoury,-123.14505,49.27101
1368,Kitsilano,Vancouver Westside,Lord Tennyson Elementary School,-123.14919,49.26229
1657,Kitsilano,Vancouver Westside,Kitsilano War Memorial Community Centre,-123.16188,49.26179
1637,Fairview,South Granville,Holy Trinity Anglican Church,-123.13691,49.26045
2138,Kerrisdale,Vancouver Westside,Kerrisdale Community Centre,-123.1568294,49.2330993
2048,Grandview-Woodland,Strathcona,Britannia Community Services Centre,-123.070414,49.2750517
876,Strathcona,Downtown Eastside,Strathcona Community Centre,-123.09153,49.27977
723,Downtown,Crosstown/Chinatown,Crosstown Elementary School,-123.10676,49.27852
2149,Downtown,Yaletown,Roundhouse Community Centre,-123.12172,49.27344
659,Downtown,Yaletown,Gathering Place Community Centre,-123.12364,49.27778
1345,Downtown,Coal Harbour,Coal Harbour Community Centre,-123.12511,49.29034
